roi_id,5HT1a,5HT1b,5HT2a,5HT4,5HT6,5HTT,A4B2,CB1,D1,D2,DAT,FDOPA,GABAa-bz,M1,MU,NAT,NMDA,VAChT,mGluR5
1.0,17.033905,24.423513,1.2553356,0.027892793,0.41289133,4.8902183,8.606586,1.1161084,14.564001,0.38768655,28.505726,32.37343,111.25047,3.9973536,0.10543991,4.2728972,7.097272,8.89232,2.1477542
2.0,35.605946,21.180254,33.241997,1.4435872,0.35438213,4.306727,9.081155,1.1033812,13.160001,0.69112766,29.580006,35.001293,765.7842,2.7868273,9.159391,4.6731677,7.6482553,9.94723,2.1694353
3.0,22.312084,12.263142,14.277401,0.35876352,0.45229304,3.3284125,9.491497,1.1840651,9.1665,0.61795676,25.337746,32.68955,669.62335,3.8131328,3.1457562,4.2693486,6.8433056,9.748285,2.241082
4.0,21.674246,20.817375,4.017593,0.18209966,0.31115103,4.780705,9.037176,1.1601368,15.077001,0.47962612,28.498106,33.152496,565.04553,3.766291,0.13351198,4.543647,7.188469,9.194977,2.1850238
5.0,21.655933,14.175039,4.5310893,0.2483015,0.35754317,1.9526442,9.396187,1.2127296,11.210001,0.60226804,25.938124,31.99887,595.0019,3.6994507,1.0703307,5.050101,6.932695,9.333041,2.1949306
6.0,19.02829,7.5895643,3.9098163,0.2611208,0.39546138,0.86221045,9.806113,1.2574921,7.8265004,0.7177361,26.56593,31.567385,554.83936,3.5505667,2.0015693,4.103347,6.587624,9.348951,2.1156425
7.0,29.230629,16.687004,2.209591,0.21603535,0.400109,3.2326043,10.313756,1.3206793,15.043001,0.8168552,29.330101,34.97732,544.7443,3.2554,5.8814263,5.021704,7.199806,10.241307,2.2460425
8.0,19.402142,18.745155,10.301327,0.39544898,0.30760604,3.097873,10.100691,1.1885555,7.8985004,0.46305296,24.77394,31.681252,425.4461,3.153709,5.89217,9.642463,6.5499067,12.6210575,2.0566034
9.0,20.235298,18.036072,5.9983006,0.25553286,0.3296026,2.840888,10.017612,1.2101735,7.2495003,0.6138019,24.24823,30.628006,480.3482,3.4191768,4.500372,7.4482346,6.4158306,11.969728,2.0698037
10.0,23.210852,23.612808,0.23849751,0.0093711,0.41379797,1.8059328,10.721704,1.2737758,8.809501,0.6020009,25.357555,32.62213,402.7959,3.1124043,10.977825,9.207791,6.7297993,11.890364,2.289021
11.0,27.996155,24.317074,1.5947735,0.06243416,0.44092518,1.7793152,10.86154,1.2197049,10.387501,0.6029022,26.476025,31.88351,595.42773,3.1096551,12.729624,6.5169826,7.1581736,11.928934,2.3990965
12.0,14.017152,3.6990662,14.664554,0.5304332,0.32930824,0.8821224,10.961073,1.3678018,-0.003,0.63024676,22.899666,20.54352,667.12946,3.6217816,7.2297287,7.212368,4.428021,10.16834,2.1511436
13.0,13.162633,0.50544065,1.0367615,0.036043737,0.36324027,0.61493784,9.326767,1.2024318,7.5490003,0.5691173,23.143475,26.46896,643.11304,3.8924475,1.302662,4.1653214,6.3679075,9.518785,2.1360416
14.0,20.19715,8.510138,0.06664498,3.489561e-06,0.07518975,3.8880582,7.0767303,1.0130659,13.410001,0.1886751,29.570862,30.872215,336.1133,1.8850082,4.790026,1.1887898,6.382428,10.183944,1.8927895
15.0,25.913265,17.860378,22.748947,0.8389013,0.5342301,3.2766252,9.817064,1.2447292,12.089001,0.717486,25.861933,33.72781,815.3418,4.105616,6.374639,5.384284,6.899462,9.88017,2.3508942
16.0,26.306955,24.162518,0.43390897,0.014427136,0.4418397,1.6129032,10.243134,1.2803954,12.437,0.74483746,25.228033,31.147886,452.24954,4.212426,5.057279,5.5769215,7.3346205,9.390628,2.267733
17.0,26.445814,21.552929,6.700041,0.2342295,0.49069953,1.625314,10.374546,1.289188,11.356001,0.7649323,24.389942,30.923153,560.7726,4.157901,8.05129,4.1911464,7.280407,9.738298,2.2891264
18.0,43.79101,17.871693,0.08988591,0.016850641,0.4396497,3.373821,9.5125,1.3462713,17.204,1.1627202,29.25696,37.332516,411.12787,3.7134793,11.83326,7.166019,7.3807316,10.255496,2.3802068
19.0,27.558214,23.48914,0.0,0.0,0.3059857,2.6749473,9.457388,1.0946467,9.443001,0.4594115,29.034485,34.839485,527.0628,2.9384332,3.0612528,1.0077468,6.5612745,9.559596,1.9552346
20.0,12.0670185,0.570723,23.397057,0.82076806,0.41828495,1.025063,9.767765,1.2912911,1.744,0.8876305,23.766708,22.453743,514.1019,3.9066873,3.8329182,4.5429935,5.9932446,10.003902,2.3459654
21.0,10.837122,0.41312152,0.0,0.0,0.35979816,0.0,9.08533,1.2381926,-0.003,0.8778373,23.37052,23.223827,0.0,3.7782018,2.7072635,3.4188251,4.7747984,9.603575,2.3206253
22.0,26.949371,1.7744911,0.0,0.0,0.48135522,0.0,9.814934,1.3175224,7.833,1.0246029,24.519466,29.729076,59.70783,4.002678,7.58053,6.538066,6.737311,9.679497,2.404141
23.0,38.9111,24.618553,29.60244,1.2293782,0.50178164,4.6282105,9.97444,1.2392938,14.750001,0.89710695,28.339632,35.435776,816.49664,3.8544486,9.549065,7.044607,7.3476624,10.6683235,2.4692776
24.0,39.507736,26.470772,7.6498594,0.32569927,0.54761994,8.732189,10.074608,1.2890037,18.7295,1.0219693,31.544182,32.878326,510.16034,4.4051485,9.248562,9.357605,7.421582,13.667198,2.5614722
25.0,26.999725,20.57147,29.883629,1.3126357,0.47484952,2.163819,9.869735,1.3449798,10.984,1.0225823,25.164032,30.28791,403.24716,3.8931384,13.623627,5.9732943,6.1751513,10.601715,2.614131
26.0,22.853786,22.26175,20.804379,0.74342245,0.38792384,0.94332683,10.248723,1.2878822,2.692,0.63676566,18.668072,25.448677,534.9967,3.589254,13.556226,5.9491796,6.4785404,9.663413,2.1563225
27.0,31.949827,18.206516,28.186277,1.1477929,0.5201825,3.665779,10.150588,1.3605194,17.173,0.8141326,27.964777,36.259796,502.5926,4.551762,13.641644,4.2856283,7.8171706,11.111694,2.5228431
28.0,20.793787,0.54581,38.3435,1.6825588,0.48232666,1.6432669,10.477779,1.4356123,4.5095005,1.1388905,24.298515,25.644943,616.75055,4.2949953,11.92981,4.453545,4.810952,10.510796,2.6261787
29.0,26.407667,18.506979,30.772339,1.2832237,0.5047443,1.7361896,9.882674,1.2851987,13.114,0.7408911,23.77128,36.026073,764.8439,4.0285115,9.417923,5.850309,7.231138,10.176202,2.3645525
30.0,31.098362,22.744644,40.891834,1.4023392,0.65023804,5.914529,10.659801,1.3476384,21.2845,0.82089597,29.456577,36.6748,794.4863,4.7822523,11.2623005,8.530842,8.418347,11.126049,2.6372128
31.0,24.434645,14.097828,14.093895,0.48211205,0.44745737,5.1421003,9.67534,1.213037,21.7865,0.6347149,29.747623,33.201935,476.39398,3.8370185,8.021753,5.824174,7.5887976,10.450443,2.271884
32.0,37.090668,23.248678,0.6404844,0.021879397,0.48608136,7.818079,11.207887,1.4255612,20.600502,0.94617164,31.164757,37.30405,537.4745,4.2599993,17.458633,6.668414,7.3003974,14.022176,2.7006183
33.0,32.435074,20.725824,0.14495414,0.0,0.39897382,6.1794224,8.710962,1.2437139,23.016,0.5449716,30.297714,35.65901,92.589264,3.546349,11.023717,5.6286135,7.9820914,10.7060175,2.5522604
34.0,35.807365,23.925858,0.09630069,0.0036767777,0.5876,6.7493033,10.878021,1.3668509,24.514502,0.82003474,30.66038,36.677795,330.38348,4.520772,15.05271,6.2944665,7.9514985,12.59507,2.814044
35.0,25.827816,18.121508,0.0,0.0,0.5374359,3.7070599,10.927633,1.3107429,19.329502,0.72461855,30.885902,34.64322,373.1973,3.7715442,12.545931,6.14516,7.193186,11.8784275,2.4887452
36.0,25.293741,13.024591,25.968084,1.043246,0.31925073,3.4085462,9.025971,1.2577553,10.242001,0.5331042,24.350323,34.437965,713.98785,3.5266063,9.228549,4.919259,5.7954106,10.54192,2.145803
37.0,21.285133,9.700552,4.4471207,0.25942695,0.4225739,1.4112406,10.116932,1.2839236,10.581,0.6383584,29.51448,32.902294,387.24182,3.494333,10.209199,5.5605474,6.586288,11.449029,2.2218409
38.0,26.956999,17.73036,1.4792403,0.030335374,0.40693617,4.7837763,10.310888,1.2967607,17.787,0.678775,31.106852,35.38484,427.30496,3.2471082,14.226944,6.3673553,6.8424883,13.013999,2.4925263
39.0,0.0,0.114879794,9.086098,0.412763,0.024822906,0.82916117,7.442573,1.2026207,-0.003,0.3856757,0.0,0.0,580.9124,3.0824575,0.2717184,-0.030095115,3.3537078,7.64167,1.793257
40.0,26.366467,17.90414,19.702484,0.81536233,0.41152167,5.865507,10.481785,1.3951896,13.753501,0.68083525,29.491625,35.402817,577.9373,4.0463734,12.847153,10.237112,7.3728333,13.335542,2.2930932
41.0,21.75512,14.084282,0.017528571,0.18406749,0.36717647,3.7209692,11.162597,1.3242673,15.464001,0.72185,30.661903,35.416298,384.365,3.3676443,15.463682,10.220553,6.293585,13.544949,2.3960114
42.0,19.479965,16.336153,1.5724951,0.06799213,0.36813867,0.75228125,9.750987,1.2807134,2.17,0.71632355,20.047112,25.625465,433.8645,3.795505,10.220556,4.9148426,6.5899215,9.686508,2.18166
43.0,26.999725,21.282526,18.385159,0.7739231,0.39992517,2.3038917,10.614388,1.262618,13.084001,0.66462255,26.55069,36.274776,417.39606,3.4765632,14.47804,7.777052,7.225551,12.205894,2.2759933
44.0,16.687521,16.9191,9.892472,0.3546913,0.33514234,0.46415067,10.52728,1.271176,-0.003,0.5428076,19.004833,21.031939,515.8973,3.3637478,10.746587,5.702392,4.3508167,8.621022,2.0536857
45.0,22.39906,14.163119,20.79208,0.84671247,0.23438953,1.040222,8.428026,1.2790428,6.0675,0.59035474,19.780447,33.371235,652.35693,3.656588,9.0191765,3.7794976,6.031334,9.074057,2.1949158
46.0,0.0,0.025556725,18.406754,0.75204164,-0.19634087,0.7912349,5.666255,1.1417933,-0.003,0.027792163,0.0,0.0,664.85706,1.9338725,0.23336749,-0.15185542,2.147234,7.043049,1.8375763
47.0,10.530412,0.9469359,13.679813,0.57714415,0.10134809,0.74142885,7.9047127,1.242023,-0.003,0.5274677,20.59568,18.149372,510.4752,2.876637,4.8065577,2.6111786,3.3727283,7.76721,1.8950793
48.0,27.393414,21.60998,4.1599617,0.1561848,0.4832464,1.2924589,10.231893,1.269929,10.725,0.81350476,22.625381,29.206198,391.97104,3.946897,9.221283,5.0420294,6.535541,9.780581,2.180782
49.0,0.0,0.08379893,14.113817,0.6188586,-0.09864469,0.5033441,5.778762,1.1958307,-0.003,0.14912888,0.0,0.0,573.2303,2.041725,0.2420632,-0.1472238,2.0266976,7.066236,1.7559578
50.0,25.516525,20.756498,11.669261,0.47797522,0.4549951,1.1102992,10.303529,1.263477,11.658001,0.7821305,23.737757,32.391403,450.35025,4.0218434,8.996613,4.278162,6.403876,9.699593,2.250548
51.0,0.0,0.2118529,13.633767,0.60909814,0.03125121,0.7387596,8.021282,1.2367855,-0.003,0.33364788,0.0,0.0,595.16437,2.6206305,0.25211602,-0.046367615,2.810131,7.848137,1.7279358
52.0,27.622303,17.750242,1.9472795,0.08700146,0.41729155,2.1411707,10.116971,1.2669815,11.149,0.8339707,24.542322,31.213806,430.3854,3.8811617,10.107115,6.30111,6.3449435,10.405001,2.1880517
53.0,18.03949,17.918089,7.738418,0.34796643,0.241026,2.3697622,9.685307,1.0973734,9.406,0.3970893,28.21468,31.959917,257.85483,2.2444549,4.513314,6.227758,6.551919,13.342673,2.0181623
54.0,10.17182,9.969362,3.6080494,0.11784427,0.19199759,0.48632872,9.964441,1.2729942,-0.003,0.4043344,21.481007,19.03482,473.6333,2.885777,5.1796675,6.6862364,5.735636,10.667104,1.8948191
55.0,19.510483,16.055712,5.836583,0.22816317,0.2667572,1.1093478,9.734363,1.2047687,5.78,0.40139723,19.995302,30.512642,440.66553,2.8529375,9.253721,8.8565035,6.345695,12.077721,2.0381453
56.0,12.582782,0.4585297,18.26028,0.7429223,0.38933042,0.78276837,11.7611065,1.4608238,-0.003,0.7065886,22.968237,19.401882,335.84613,4.2483797,3.3950934,3.1536782,3.139781,9.545767,2.0037193
57.0,37.339397,22.282684,0.0,0.0,0.44688493,8.035788,10.922738,1.494601,20.454,0.9390451,30.978853,38.003716,469.22623,4.1276765,20.011631,7.19871,7.0974245,15.738922,2.722409
58.0,28.302864,14.80012,0.0,0.0,0.35037103,7.396161,10.755171,1.437057,18.397001,0.8812076,31.530468,36.283768,212.70348,3.478584,15.93028,2.0303,6.8859015,14.859624,2.4247887
59.0,37.40654,25.007412,0.0,0.0,0.484972,7.099274,10.839968,1.5357007,20.654,1.0816152,31.123615,39.50493,280.20782,3.942936,22.517666,7.4570775,7.3540273,15.45985,2.6962543
60.0,25.101475,20.220627,0.2668115,0.34397125,0.4419712,4.547353,11.3109865,1.3423026,15.8995,0.91902393,30.9819,37.551254,361.9309,3.4884982,17.845636,7.986252,7.403661,13.148226,2.5775614
61.0,44.064148,22.020248,29.180504,1.165554,0.60198236,8.123972,10.190676,1.5338438,24.3605,1.0977585,31.004757,43.046707,633.44464,4.422349,21.152355,6.6692047,7.4567432,12.114082,2.9064567
62.0,31.562243,22.381516,20.360252,0.7964929,0.55841434,3.1908886,10.830464,1.3683789,15.193001,0.9046284,28.208586,36.43958,498.14688,3.7149081,17.549665,6.881238,7.0751863,10.919639,2.520524
63.0,28.899504,23.410257,30.857788,1.2324282,0.4952154,2.1723533,10.742676,1.3030858,13.5325,0.7711333,25.51603,35.669495,516.41876,3.6825442,16.018166,5.5683017,7.197484,10.836587,2.3476655
64.0,29.856258,19.737158,29.577814,1.1431153,0.5229686,4.5125284,10.466456,1.3859618,18.434,0.87944573,30.01886,40.913246,698.7439,3.4538963,14.265017,6.1604524,6.4780893,10.788959,2.5013492
65.0,39.62829,21.129858,0.0,0.0,0.5406238,4.277176,10.340962,1.4437962,21.0905,0.89727914,28.101917,40.564163,0.0,4.2481446,16.493011,6.6038704,7.0312834,10.951183,2.589651
66.0,25.598925,19.91612,0.0,0.0,0.46275643,2.069155,10.2602625,1.3305542,17.518002,0.846122,27.126686,30.084154,0.0,3.670888,13.261802,5.807391,7.1400876,11.038784,2.4330468
67.0,16.675314,10.678056,9.384284,0.34452754,0.42352098,0.6113667,11.25431,1.3696122,-0.003,0.631603,21.82691,19.986185,579.1374,3.8465402,11.398697,4.292617,4.307001,8.787974,2.2149873
68.0,26.34663,20.423512,0.0,0.0,0.41630626,0.7698294,10.583402,1.2515247,13.2300005,0.61993635,27.21659,34.62374,217.22879,3.1261039,14.594585,6.292082,7.005186,10.601704,2.3103142
69.0,33.429974,22.537626,24.679277,0.9584679,0.52026117,2.992435,10.416252,1.3978019,13.862,0.8317474,23.570137,31.648289,603.3483,3.9629397,15.505828,5.0121517,6.736098,10.339247,2.418536
70.0,22.554705,21.1419,4.3822174,0.16659506,0.37966645,0.6716448,10.5914,1.3152711,-0.003,0.6465782,19.46045,20.958527,584.83606,3.625031,13.111128,4.5878496,5.4173565,8.849804,2.166915
71.0,32.578506,23.121027,0.07842903,0.0031269104,0.4855826,1.5550721,10.859028,1.4111185,10.3855,0.78706396,22.466908,25.988033,500.4333,3.9105468,15.719507,6.512637,6.488833,10.397686,2.3665466
72.0,30.692465,18.931324,20.599758,0.8058612,0.15538266,3.0304418,9.664746,1.3517681,3.3240001,0.538495,20.617014,18.065474,324.79837,3.6811976,7.8652177,1.3104916,3.2855332,7.8144536,2.0965102
73.0,28.923918,24.709099,17.99644,0.6884227,0.49450317,1.9411345,11.229527,1.2824076,11.295,0.6697643,26.485168,31.299206,623.31647,3.6165292,14.04923,5.758895,6.813798,11.285374,2.4015236
74.0,30.204168,22.368635,13.854085,0.51791936,0.53434753,2.1060908,11.536937,1.4391676,8.854,0.7977187,24.801369,26.006014,125.24947,4.3354864,13.916182,4.8598523,6.228066,11.524821,2.479254
75.0,25.420391,15.703237,0.0,0.0,0.5106635,1.3489181,11.133768,1.4262366,10.015,0.81162447,25.71717,28.13947,0.0,4.083122,11.717548,0.96552926,6.1203413,10.773983,2.3774562
76.0,25.331888,13.48727,0.0,0.0,0.49766454,1.1354146,10.66633,1.3845478,13.900001,0.86035943,26.76707,29.26463,0.0,3.811065,13.092497,0.5898924,7.0551233,10.573568,2.4125025
77.0,15.088351,0.639972,0.0,0.0,0.2641804,0.0,10.738333,1.431221,8.977501,0.75835985,21.83453,20.717314,0.0,3.851202,9.927967,0.013304859,4.410187,9.882145,2.268651
78.0,34.403515,29.203825,29.201664,1.2303916,0.5432766,3.4505847,10.99701,1.3709595,13.291,0.82775193,26.98345,29.562775,597.86975,4.0692863,16.193352,6.055472,6.8352804,12.31417,2.5713716
79.0,30.259102,24.848463,21.891758,0.82189685,0.3337262,3.849257,10.39374,1.117532,15.269001,0.47997823,30.786854,33.85666,759.8038,2.5094745,13.208038,4.972883,7.6330123,13.4605,2.3404806
80.0,21.913815,23.456875,18.49136,0.7489742,0.2784363,1.8384352,10.141297,1.0837507,11.998501,0.41663486,30.666473,34.279152,611.66003,1.7663307,12.583487,3.193171,7.6458273,12.852296,2.2641163
81.0,28.469193,29.558075,24.292484,0.86212146,0.47915566,3.529243,11.144209,1.3644905,13.622501,0.6838033,26.943832,32.91578,390.30475,3.9176483,13.592846,4.7194667,7.0246353,11.877472,2.4533486
82.0,27.506332,21.01716,9.948385,0.3812695,0.5041727,2.349002,11.084392,1.4154778,13.961,0.76912904,26.22155,30.31338,426.11606,3.8347507,14.791607,2.55361,6.974112,11.341341,2.4672904
83.0,22.498245,7.075719,30.979475,1.1729484,0.49168223,1.7466336,11.853222,1.4724451,4.349,0.75539017,22.972809,22.017765,701.59424,4.3707576,11.349355,3.256571,3.9773874,9.560063,2.3137407
84.0,28.16401,21.517902,16.138512,0.65590847,0.5103608,1.5334985,11.672519,1.4757947,3.3890002,0.80996346,22.741192,22.635029,632.85767,4.4408817,15.39082,6.8088007,4.422287,9.74059,2.5206656
85.0,23.438215,5.302006,19.059814,0.7301929,0.45059955,1.6304574,11.3508415,1.456984,6.8580003,0.8333354,21.900053,20.254364,316.47943,4.2500534,9.8923235,3.2654147,3.4213686,9.236876,2.3801064
86.0,32.096317,23.590229,0.97999895,0.03448198,0.48559806,2.5742364,10.318343,1.373945,15.562,0.77782094,26.55069,34.159298,486.003,3.336548,16.672152,5.3896966,7.2962346,11.023482,2.411364
87.0,26.870022,21.854975,19.66449,0.7936275,0.32401365,1.9015471,10.741497,1.4101639,-0.003,0.72151786,20.380825,16.905855,691.02527,3.8921247,8.312675,5.5449333,2.820022,8.015954,2.1934872
89.0,35.563217,25.688728,0.0,0.0,0.41555423,3.6194952,10.171541,1.4152789,17.628,0.83901274,22.037195,21.897907,0.0,3.69829,17.530195,5.274397,5.6013823,10.36337,2.3727834
91.0,30.095829,11.426743,0.0,0.0,0.34964752,0.8758812,9.598595,1.3266108,15.527,0.7748201,25.845171,30.687935,0.0,3.3558924,15.278619,1.9718721,6.744959,10.412474,2.266368
94.0,35.073395,13.272549,8.633978,0.4611988,0.40962628,5.9770336,9.618256,1.3349866,16.7355,1.0906343,28.382298,31.59735,56.78266,3.456026,14.091664,2.7881598,6.8479204,10.236573,2.3481634
95.0,25.50737,20.636219,0.0,0.0,0.3841619,1.1520737,10.155027,1.1670158,14.118001,0.6281085,28.421917,32.661083,118.99313,3.4138,8.918553,3.8972108,7.708545,10.442211,2.1765606
96.0,26.081118,19.908403,0.0,0.0,0.33862734,1.1001922,10.365257,1.1603597,11.900001,0.49720582,27.056593,34.297134,146.18738,2.4444194,13.299736,7.3083797,7.104517,11.533924,2.2149298
97.0,28.588215,23.355503,0.0,0.0,0.46806127,1.2910888,10.949657,1.3056712,11.715,0.660843,24.868416,32.598156,257.45068,3.7648916,14.061302,5.5920506,6.6527567,10.700689,2.31388
98.0,20.371105,21.062408,11.26873,0.43094903,0.44522217,0.7148712,10.964401,1.3184354,-0.003,0.6734191,20.65968,20.275341,499.82867,3.8009777,12.816589,5.161194,4.901207,8.839354,2.213358
99.0,33.925903,17.463528,13.6694975,0.6419568,0.53547335,3.228804,10.371575,1.4624352,9.733,0.9113294,26.023457,27.162636,231.55745,4.0767765,13.474175,5.507221,6.9023476,13.029722,2.5931187
100.0,30.434582,19.301453,27.526733,1.2545587,0.46977413,3.6987283,10.348808,1.4297428,7.4515004,0.90218997,26.483643,29.718588,596.10706,3.9652073,11.909968,6.450985,6.398279,12.050314,2.4694314
101.0,30.35676,16.443083,17.620893,0.7089177,0.4317226,5.265933,9.614067,1.241137,15.559001,0.8941365,31.755991,34.968334,786.0451,3.1920304,12.508688,7.874053,7.4482074,12.895573,2.5649369
102.0,21.454514,8.567393,23.61287,1.0588826,0.3297141,6.391312,9.880422,1.1288722,13.262001,0.7562072,32.62303,34.722626,541.0835,2.3911033,10.2614155,8.200589,7.295944,12.923229,2.3155584
103.0,39.301735,16.758606,7.3568163,0.35593402,0.49807966,9.03112,10.344879,1.2815349,19.584002,1.4992524,34.55064,34.924885,487.91455,3.9307094,12.52599,6.7683973,7.295953,14.59037,2.3103166
104.0,16.612751,10.369436,0.83278704,0.035584733,0.22315222,2.2683792,9.755417,1.0374918,13.569,0.44409394,31.510658,33.507576,291.22168,1.8710637,8.622282,5.2095995,7.700089,10.884123,2.1788745
105.0,34.24787,23.243187,19.151516,0.7424083,0.5158036,5.0487046,9.761223,1.3225279,15.882001,1.0094385,29.927431,34.845478,614.9428,4.08244,14.19959,8.367702,7.641997,12.076675,2.638878
106.0,57.417522,19.408161,11.491577,0.6172473,0.6321271,11.686518,9.841447,1.5409307,21.235,1.8823166,34.87673,35.585598,407.26523,4.6576624,17.798073,7.7255063,7.4115434,14.543405,2.6652634
107.0,46.25996,13.198555,26.729351,1.3242414,0.46116042,5.677919,8.039481,1.4187064,12.571001,1.4420387,27.163258,30.293903,500.52557,3.7463636,13.694681,4.770012,6.913529,11.018783,2.2025619
108.0,37.736137,22.58466,27.831856,1.3694534,0.604295,4.9482565,10.577314,1.4627328,15.490501,1.1262486,31.82761,32.475304,365.44415,4.3644004,15.645897,6.9151387,7.359967,12.463116,2.6449838
109.0,49.803154,26.188,20.35689,1.0195713,0.66371185,9.252651,10.536892,1.4794341,23.43,1.7429981,35.51673,38.351303,376.1384,4.483793,20.882812,9.348981,7.78506,13.656875,2.8592968
111.0,25.690481,13.275811,29.96747,1.0607493,0.40931553,5.1628265,10.288733,1.1835229,15.449,1.0067593,34.4714,38.411232,306.96744,2.3939657,14.916683,7.692904,7.602932,11.603686,2.2720046
112.0,49.372845,20.21101,21.312288,1.0705,0.5523593,10.775701,9.767852,1.4944384,22.267,1.8033873,33.523598,35.79235,440.1262,4.0862126,19.65654,6.7518806,7.4883595,12.471192,2.589916
113.0,43.80169,25.331135,18.408958,0.87436616,0.6074652,4.8482113,10.151289,1.4574296,16.815,1.1582735,30.503428,32.737488,610.8358,4.3466034,16.543726,6.5521,7.338479,13.269617,2.7329235
114.0,23.010958,3.1580837,33.31528,1.9082414,0.49361262,5.5962358,10.451801,1.2090482,10.679001,1.357427,35.879395,36.814133,796.32806,2.4369776,15.506214,6.255622,7.5278955,13.399201,2.2318988
115.0,29.102451,6.840744,29.33884,1.4372745,0.44435132,4.8071513,9.696972,1.2601578,10.3725,0.88160145,32.624557,36.267284,469.17856,2.84337,10.57151,8.231693,6.263725,12.828585,2.3488026
116.0,34.635456,21.592321,25.946175,1.1801292,0.49044764,3.72479,10.574247,1.4236941,12.177001,1.0522493,26.27336,31.450525,572.8388,4.010591,14.212162,6.7989116,7.2942286,11.648708,2.4681134
117.0,31.46153,19.726372,3.5179904,0.15876111,0.39506444,1.9815135,9.880655,1.2055777,14.393001,0.7976806,28.437155,32.532234,307.77164,3.606847,12.596923,5.204951,7.124791,10.757045,2.34168
119.0,26.807457,2.16508,0.0,0.0,-0.005362555,4.785302,9.344926,1.1235838,6.577,0.69402575,34.718258,33.11055,73.514114,1.3322757,4.4864783,3.5979588,6.5675335,12.108417,1.6666727
121.0,12.602619,2.8920338,11.985844,0.5223406,0.34190255,0.49693072,8.946764,1.1171784,9.554001,0.49281585,28.015062,23.31372,462.36853,3.1160374,2.8920972,1.785889,6.120353,9.393786,1.7232804
123.0,30.036316,4.2276344,0.0,0.0,0.3464435,0.70872957,7.6792755,1.3865885,8.5390005,1.3557936,25.15489,31.68125,0.0,3.3493745,10.186606,0.70500517,5.357469,9.575477,2.1201873
124.0,39.84802,26.557127,22.021757,0.89228654,0.5504564,6.372917,9.7438,1.3057011,15.727001,0.9966507,29.037533,32.493282,502.99585,4.0477495,10.760298,7.349645,8.17602,13.052037,2.6058185
125.0,28.82626,6.3036222,36.265877,1.6008155,0.55788016,1.8180647,9.625738,1.4203243,10.178,1.3667535,25.00251,30.0452,473.33716,4.182972,11.152163,4.634154,6.43561,11.719958,2.493341
126.0,49.331646,1.5877672,0.0,0.0,0.09585459,5.4335766,9.113174,1.1973972,14.765501,0.803663,32.04094,35.742912,264.68753,2.061782,7.403592,3.6423154,5.411084,10.575293,2.0359843
127.0,53.596607,9.514875,0.0,0.0,0.4608273,3.6774805,9.438011,1.3728321,20.796001,1.4583144,31.365898,36.427597,0.0,4.0975685,12.208049,6.015625,7.028415,10.543251,2.440985
128.0,46.23707,14.319699,24.516499,1.1197193,0.5387118,5.8546147,8.861095,1.4418015,15.375501,1.6821482,27.946491,37.92581,533.93884,3.8671172,15.714793,6.361,7.1145163,11.792557,2.4698014
129.0,32.13446,16.097168,19.321493,0.882669,0.53806317,4.709837,9.368776,1.2582872,11.523001,1.1658044,30.316002,34.791542,648.3238,3.4973493,9.716223,7.3542347,6.428788,11.538219,2.2726107
130.0,45.31388,27.634214,41.9777,1.8668774,0.5814962,4.964172,9.754281,1.3278849,18.272001,1.4638476,29.372768,35.99611,744.72156,4.1405773,14.834126,6.6825166,7.7953787,11.574875,2.6926143
132.0,27.950378,2.1921816,0.0,0.0,0.5405529,0.0,9.339877,1.4341912,11.376,1.6197727,25.613554,34.36605,0.0,4.128957,9.478264,2.9195604,5.4667287,9.3252735,2.2953653
133.0,26.76931,6.240597,0.0,0.0,0.5971005,0.087382935,10.094984,1.4211345,8.93,1.5671637,24.610893,30.349335,1.0533302,4.3853235,12.518054,5.3431377,6.4336615,10.099723,2.510616
134.0,44.309822,14.534532,0.0,0.0,0.48582137,1.5945921,9.237565,1.3748603,15.238001,1.6277084,26.89507,33.434162,0.0,4.09119,14.994017,4.434267,6.7779865,9.978481,2.3742518
136.0,41.44719,14.144426,0.0,0.0,0.47573736,1.4069033,9.32417,1.3483063,14.024001,1.4958601,29.531242,36.32272,0.0,4.1479073,13.358336,5.8257155,6.5939684,10.253982,2.375343
137.0,25.437176,0.53655314,24.95471,1.0699333,0.5597893,0.9690358,9.994949,1.3988976,8.191,1.3792505,24.77394,27.033789,218.29784,4.40295,12.567506,4.5942783,5.97219,10.468659,2.631041
138.0,32.718895,14.762552,1.184835,0.060036827,0.49300623,2.5406659,9.567078,1.287566,13.776501,1.1105009,29.202103,35.393826,152.68903,3.7507663,10.555241,5.5796423,6.963361,10.348084,2.4409008
139.0,35.688343,19.876106,14.442493,0.6693709,0.5607236,4.0585356,9.740278,1.3010287,13.056001,1.1103349,29.564766,33.859653,578.421,3.9536562,11.592144,5.262362,7.2687407,11.478142,2.404909
140.0,41.512802,23.190369,37.633064,1.646661,0.5620789,3.5953748,10.392284,1.3977363,15.3605,1.2444957,26.250504,32.578682,709.33386,4.544254,13.639233,5.727418,7.4878182,11.043477,2.7503512
141.0,34.75753,21.150303,32.532787,1.3317335,0.4963398,3.1735497,10.190592,1.2831206,13.795001,0.9186764,27.620398,35.04025,535.35425,3.717759,11.5388975,4.826185,7.1712637,10.3535185,2.4493227
142.0,23.241371,14.834609,15.28822,0.5411004,0.48798868,2.7989914,9.932388,1.2270848,9.8225,0.6854662,26.933165,31.73219,578.2964,3.8893466,5.31383,4.8064365,7.308821,10.015532,2.2590537
143.0,14.903714,0.5320568,30.201881,1.1838378,0.40862268,1.3871684,10.191248,1.3701606,5.8765,0.9185926,23.4909,23.099474,757.44995,4.225768,7.268752,4.28113,6.1491823,10.098513,2.5046492
144.0,30.70162,22.689455,1.1521927,0.05158178,0.5312814,1.7264334,10.575433,1.2945675,14.292001,0.931388,25.477936,32.99668,367.74738,4.31129,11.326271,6.1874747,7.01523,10.403737,2.389823
145.0,28.65383,25.445343,12.647274,0.49333394,0.55251217,1.6823329,11.065762,1.3492614,12.9025,0.9575769,24.549942,31.213808,405.13098,4.522788,10.12767,6.3579836,7.3531165,10.106468,2.37044
146.0,29.407635,22.314192,0.0,0.0,0.50757915,1.7571723,10.53469,1.3036928,12.061001,0.84999406,27.254686,34.25518,402.85117,4.1471896,7.3374043,4.997628,7.602532,10.430935,2.3756459
147.0,21.601002,2.1781654,33.53972,1.4034183,0.45208544,2.1525836,10.776235,1.5213417,7.3,0.9842255,24.53318,25.382755,621.5845,4.3018417,14.195551,2.7369688,4.3149705,10.921706,2.628672
148.0,15.094456,0.46859226,29.528511,1.3232865,0.21105906,1.5510142,9.497065,1.376204,-0.003,0.8441314,23.164806,22.5766,624.14874,3.446631,8.685225,4.0159745,3.5572271,9.7934885,2.39184
149.0,10.573137,0.38454056,18.635368,0.82320464,0.12855667,0.79592705,7.8838444,1.3447062,-0.003,0.61411136,20.754154,17.710396,624.0787,2.994739,5.4998693,3.1877446,2.9457297,8.653664,2.1160498
150.0,30.271309,15.598504,21.521704,0.917185,0.48260626,1.9161594,9.955271,1.3031919,13.873001,0.93556535,25.380413,32.68505,536.69385,3.5920959,12.199245,5.1403456,7.1793375,10.282591,2.4835608
151.0,5.9068575,0.31401673,25.639996,1.0811615,0.11511094,0.9515823,7.1546307,1.3456165,-0.003,0.51168346,21.445961,18.675247,708.31226,2.9865808,3.472134,2.8294423,2.8464966,8.868624,2.3910332
152.0,0.0,0.16786975,18.765642,0.7682944,0.040149547,0.8864487,6.695676,1.2766874,-0.003,0.31257623,0.0,0.0,568.3606,2.6931438,0.21106394,-0.073417164,2.3599544,7.8717422,1.9339958
153.0,32.390823,13.411634,4.173906,0.13092789,0.2980464,6.022482,9.520906,1.2224307,19.394001,0.69938624,28.592583,31.949432,629.57513,3.080114,6.322652,4.764468,7.0205016,10.68865,2.240828
154.0,28.511917,9.676167,4.537792,0.29189947,0.44764137,1.3427713,10.396072,1.3191376,17.2085,0.9675583,29.941147,30.708908,559.9049,3.7987988,7.3154755,4.23124,6.841402,10.575384,2.33203
155.0,62.675865,4.940526,0.07745013,0.0,0.39617407,2.9847102,9.449892,1.4014909,16.477001,1.2397074,33.099983,34.360058,79.50222,3.6803591,7.983601,5.729985,6.0910287,11.723843,2.448472
156.0,20.06592,0.5223835,22.607702,0.88135177,0.4733472,1.2004701,9.688145,1.2634465,5.875,0.8148673,23.938896,25.149033,216.99036,3.788653,6.851647,6.3048787,5.846674,10.237883,2.3517895
157.0,37.64153,22.266602,34.477257,1.4189134,0.5445088,5.5697784,9.739307,1.2344234,14.097,1.0134914,28.688581,34.94436,767.50525,3.8955188,10.28963,6.668887,7.4282627,10.749884,2.4700446
158.0,26.079594,18.31326,21.275301,0.7425376,0.43255937,1.5043592,9.9904,1.2675639,9.047501,0.79466176,25.7446,30.914164,745.2041,4.2605824,3.4039338,4.765822,7.4062366,9.931519,2.350945
159.0,28.290659,8.647136,31.21468,1.2839239,0.46078533,1.6494253,10.317769,1.3659682,10.462001,0.94762146,24.463085,28.56796,758.4696,4.138317,8.795074,5.075834,7.139313,10.793937,2.5849497
160.0,17.050692,3.9191332,11.382182,0.5255195,0.47279048,0.45562184,9.603142,1.2118591,12.467001,0.78208804,29.278292,24.456858,641.28143,3.6197977,4.5880356,1.925709,6.89795,10.014438,1.9913301
161.0,21.329386,12.915773,6.899251,0.2737369,0.5281694,2.1733046,10.510788,1.2799457,12.649,0.66824424,30.567427,34.61026,643.2772,3.8443766,9.172316,5.3625736,6.8268194,10.929085,2.3570745
162.0,37.003693,22.909658,21.09251,0.7768019,0.5834909,6.4895144,10.868376,1.4621185,21.138,0.9713867,29.5221,36.211853,658.58417,4.918694,15.50749,6.597125,7.960548,12.046326,2.7513282
163.0,39.411602,11.752722,0.35541153,0.0054791323,0.38141724,4.4958053,10.215939,1.3593717,18.528002,1.0230514,30.506475,36.265785,463.69305,3.156553,10.563441,6.296324,7.2880626,10.547526,2.34963
164.0,43.174538,14.212198,0.0,0.0,0.38779065,8.638698,9.147726,1.4759513,25.118002,1.1778806,36.031773,43.687943,0.0,4.041119,19.258728,2.5967271,7.485095,11.816861,2.5958953
167.0,49.978638,16.711348,3.008452,0.30454898,0.64929557,12.02891,10.12001,1.4506519,23.0685,2.1567912,35.919014,36.889046,436.00687,4.69322,17.259426,7.945217,7.531759,16.124992,2.5319226
168.0,28.363903,7.948186,40.786476,2.4692678,0.38797805,9.920846,10.322814,1.1366372,16.316,1.1336725,34.608543,35.294945,816.3717,2.670867,12.668765,9.087017,7.5354085,14.366454,2.3426936
169.0,20.232246,12.2964115,22.733782,0.8658556,0.38184348,2.4586625,10.493677,1.1701012,9.875,0.67794806,33.23255,36.420105,463.32678,2.1601083,10.609396,6.0410814,6.813283,11.778262,2.224062
170.0,0.0,0.25415635,0.0,0.0,0.1497044,0.6471903,9.993361,1.3205321,-0.003,0.54926,0.0,0.0,0.0,3.3352323,0.4135488,-0.103468224,2.44502,7.9198365,2.0366755
171.0,31.076998,29.511267,7.1961603,0.28698125,0.5669277,3.230914,11.238251,1.4789107,15.898001,0.9484062,25.508411,30.44672,61.11861,4.23757,16.76524,3.6863668,7.04177,11.435649,2.5220115
173.0,40.549942,21.109602,6.093916,0.26174203,0.5210802,8.230211,9.163513,1.3664533,17.424002,1.2083948,31.752943,32.478302,381.23587,4.063533,9.617316,7.659587,7.3637414,14.03897,2.4326913
174.0,32.1543,25.468775,2.5990162,0.032724343,0.5139639,6.9290924,9.882004,1.1949438,16.325,0.86647415,30.90571,32.50227,331.87482,3.3236196,6.8410916,7.817985,8.060364,13.284828,2.487294
175.0,16.476944,0.4718253,41.07019,1.7620709,0.43191278,1.5871973,9.985328,1.4437319,1.4465001,1.1095977,24.382324,25.297356,418.65247,4.276596,6.4991503,2.7417388,3.7572317,10.926125,2.2716954
176.0,50.817894,16.100971,25.438316,1.1844761,0.54433256,5.4615417,8.982256,1.392151,19.837502,1.5845804,30.037144,38.625473,519.36914,3.7666397,15.987211,7.5492463,7.4443407,11.2706585,2.428565
177.0,27.533798,7.65928,0.0,0.0,0.5674459,0.07335098,9.831617,1.4229181,13.191001,1.6219778,25.645554,32.83787,0.0,4.306491,13.398993,4.4142847,6.3641806,9.855415,2.492467
178.0,50.462357,8.028287,20.130133,0.91429305,0.44511065,7.987783,8.79757,1.4312654,16.722,1.6075256,31.286661,35.5826,480.8041,3.5160306,15.386186,6.3414474,6.6485147,11.154149,2.1471956
179.0,31.910154,25.541725,13.237583,0.66891396,0.5357601,4.98181,11.038457,1.406535,18.541,1.0593746,30.162096,38.620983,538.306,4.3418627,19.719181,6.862352,7.4713206,12.673564,2.6282816
180.0,38.39076,22.857483,14.65935,0.6157756,0.5379197,7.8055363,10.439907,1.5307305,21.362001,1.18226,30.378475,41.130493,410.55795,4.070491,23.075096,7.86489,7.5850325,12.925753,2.8042238
181.0,17.346722,27.704292,2.67761,0.07608147,0.42873922,5.7840204,9.266198,1.1094874,15.235001,0.43847388,28.891247,32.451332,160.42645,4.171751,0.10579831,5.6710114,7.2821264,9.367055,2.176265
182.0,38.084045,21.565817,32.428524,1.321288,0.577722,4.5619864,10.560767,1.235543,15.962001,1.1378475,30.134668,35.432777,681.6689,4.1306186,9.7884245,7.5599456,7.7463355,10.524256,2.4649062
183.0,22.266304,15.679743,0.8614357,0.024042012,0.42643794,2.6429029,9.851217,1.1675702,9.153001,0.622201,27.309544,32.90679,616.301,3.7732816,3.3291306,5.5367427,6.750823,9.788534,2.1925695
184.0,21.161535,19.502449,3.6636467,0.15068029,0.36617422,4.7563095,9.32093,1.1365271,14.9210005,0.5371871,28.312202,32.57119,541.06604,4.074491,0.14384048,5.7779617,7.211281,9.375122,2.1852198
185.0,23.79528,16.866398,7.071079,0.362915,0.39244974,2.3952818,9.683903,1.2053332,11.484501,0.663888,26.59488,32.0573,611.12494,3.919118,1.3488998,5.538512,6.9306307,9.471409,2.1644778
186.0,20.947905,10.865987,8.423451,0.34924987,0.39676216,1.4815423,9.852326,1.2154534,9.202001,0.7236569,27.925158,31.282724,515.6165,3.706435,2.218041,4.290325,6.5427856,9.145772,2.1399052
187.0,21.503342,11.779155,4.1150317,0.29522797,0.45665792,0.3395468,10.165247,1.2678988,16.288,0.87709296,30.061525,33.311306,554.08514,3.6930108,4.552935,7.274128,7.2467275,9.385465,2.2170877
188.0,19.04355,17.92098,8.7702265,0.3357106,0.28606158,3.1863422,10.410819,1.1787629,8.762,0.46796393,24.807463,31.195827,442.50745,2.9965935,5.589011,9.911727,6.4380693,12.203667,2.018281
189.0,20.206305,18.14714,4.4384694,0.1942623,0.32301575,3.088473,10.50397,1.1713047,8.869,0.5460264,24.898891,30.284914,473.0191,3.416,4.2280803,8.387958,6.2318935,11.480903,2.048119
190.0,23.69457,19.885252,1.712698,0.06958282,0.3686351,1.2939848,11.264607,1.2882168,7.8830004,0.6103445,23.53052,26.728151,421.0294,3.8068607,10.254112,6.993926,6.8095946,11.610839,2.2094593
191.0,29.37254,23.620068,1.2061297,0.04618479,0.47274774,1.9207706,11.821451,1.2613657,11.422001,0.70115936,27.801731,32.656586,640.83594,3.5075436,12.431953,5.359619,7.2795105,11.88284,2.3286996
192.0,18.245491,13.548101,17.15381,0.63918895,0.2076781,1.1176889,10.208448,1.298085,0.36150002,0.4408123,23.228806,22.023758,676.262,3.5815272,9.086916,7.409605,5.4556093,9.986476,2.1725519
193.0,16.660053,8.010146,4.07722,0.1440869,0.3606744,1.5739654,9.403018,1.1784383,7.1600003,0.63772285,23.22576,29.002441,712.13794,3.7376666,0.78982025,4.9326367,6.4618764,9.643083,2.1647384
194.0,18.674276,6.8374825,0.14040467,0.0005609039,0.08346593,7.0797663,8.928829,0.98787457,14.408001,0.22149888,30.667997,32.079777,300.3125,1.9149641,7.053832,-0.039868478,6.665471,12.268094,2.0329697
195.0,24.777979,19.008865,28.784119,0.9718554,0.5180314,3.5201025,10.25281,1.2155495,14.181001,0.691183,26.695452,33.89561,802.8238,4.0744686,6.893937,6.948164,6.9825563,10.094849,2.3532267
196.0,24.515518,16.61821,10.929495,0.42440844,0.45195997,1.3263468,11.064959,1.277677,11.811001,0.9022208,24.29242,27.519209,595.9067,4.629796,5.8213897,5.281456,5.885373,9.477311,2.2682285
197.0,27.648243,20.644394,6.275493,0.23436068,0.51078534,1.8261483,10.749209,1.2518888,10.210501,0.82930434,25.499268,32.99069,429.14545,4.279546,8.275522,5.0922565,7.1265745,9.679714,2.2449448
198.0,42.918182,13.850709,0.015460593,4.3262866e-05,0.4721919,3.3265176,10.269245,1.3857195,19.346,1.3806515,29.976192,37.820934,441.22583,3.8958223,11.585785,7.4688973,7.101491,9.935598,2.3180182
199.0,25.711843,22.692259,0.0,0.0,0.3882368,1.7914364,10.018466,1.1269042,8.021,0.6655282,29.436768,35.15711,385.05103,3.1309662,3.5862126,1.9750297,7.491515,9.36308,2.0230775
200.0,22.737816,7.693076,24.524624,0.88110054,0.31876573,1.059747,9.448589,1.1769806,10.055,0.74647415,26.338882,28.377686,483.6547,3.363689,5.6862826,4.6054306,6.8825245,9.68271,2.3356116
201.0,14.780114,0.42037314,0.0,0.0,0.08298161,0.042742927,7.2486863,1.1500818,2.7770002,0.55674446,24.920225,25.35279,0.0,3.7383697,2.366623,5.306986,5.9969907,9.607282,2.265839
202.0,27.945797,5.525514,0.0,0.0,0.19073662,0.0012672101,7.5249643,1.2418907,5.0725,0.9288092,25.598316,30.100634,186.19373,3.552752,5.8546457,5.5877066,5.2902145,8.606184,2.2271442
203.0,34.745323,14.771675,30.853395,1.3178508,0.46580425,1.5452062,10.017881,1.3057793,12.098001,1.1102625,26.389168,30.272926,518.9182,4.7506447,10.102844,8.374774,7.432403,10.558326,2.6389234
204.0,39.872433,21.353096,10.230997,0.4439533,0.52868253,9.28871,10.58537,1.3194779,22.481,1.0568578,32.283226,31.489477,479.3879,4.645269,9.624454,11.578263,7.433285,12.448834,2.64522
205.0,16.315195,0.46633986,29.913118,1.286449,-0.09534156,1.3774172,5.3297405,1.3134507,2.756,0.24155138,24.335085,24.777475,331.87082,3.49423,10.344081,2.5950959,3.7182524,8.887393,2.497631
206.0,20.19715,20.280462,18.590462,0.6871175,0.37031722,1.0255371,10.738278,1.2759681,-0.003,0.6148772,17.971697,21.888918,568.76685,3.5657773,11.349987,6.2318516,5.543462,8.662691,2.0625741
207.0,31.720938,16.578363,24.70889,0.9565792,0.5180658,3.5302825,10.461559,1.3366522,15.060001,0.79893214,26.533928,35.937675,476.3039,4.4439697,12.307231,6.8551884,7.1698995,10.830372,2.3466077
208.0,30.539871,16.727022,31.227085,1.3514614,0.4660019,1.6029854,10.137875,1.3379818,14.488001,1.0693593,26.788403,30.605532,482.30023,4.258458,13.240389,5.1079383,6.3745937,10.832077,2.576833
209.0,27.591784,18.101774,25.249538,1.0807413,0.5327734,2.285012,10.270555,1.2600527,11.0720005,0.7663455,23.04595,35.249996,716.0356,4.171424,10.147097,7.383068,6.9651737,10.070025,2.400407
210.0,31.16245,20.946217,33.49723,1.2936478,0.6186541,5.784794,10.744305,1.3169868,20.619001,0.77745855,29.199055,36.706264,605.494,4.6051173,11.743644,8.787128,8.078531,10.985807,2.658957
211.0,22.15949,8.996965,14.849898,0.55685216,0.34984335,4.7870383,9.455855,1.1424413,20.488,0.48995578,30.052383,33.305313,434.39188,3.0852096,8.672477,5.623059,7.544677,9.76738,2.275905
212.0,37.806328,22.511824,0.28268337,0.0030267104,0.44944072,8.075197,11.084063,1.4008725,22.738503,0.87818754,30.550665,36.839603,460.3183,4.1691875,17.143715,6.2895412,7.7003846,13.194685,2.7810268
213.0,29.329813,16.87332,0.0,0.0,0.3038815,5.8937464,9.196165,1.1336954,20.126,0.44854793,30.32819,34.9938,33.704407,2.951939,9.698238,4.4141927,7.0781903,11.243092,2.3400934
214.0,38.309883,24.254951,0.05815945,0.0023621116,0.56155795,7.51935,11.057716,1.3486438,25.119001,0.81332934,30.523237,37.72355,322.99286,4.4749665,15.948406,6.635705,8.093614,12.152478,2.8589365
215.0,25.644705,17.773,0.0,0.0,0.34778976,5.096591,10.155523,1.1954799,19.743,0.55985117,30.817331,36.331707,456.30475,2.959755,13.418241,6.9823494,6.9603267,11.617259,2.4303906
216.0,24.286629,12.404081,25.12644,1.0259856,0.35821518,3.1249304,9.589123,1.2194242,8.178,0.5071242,23.681376,35.026764,452.40814,3.457394,6.811879,7.8263984,6.073037,11.220741,2.0842004
217.0,22.562334,11.121946,13.275202,0.5442016,0.33799997,2.25074,9.881629,1.2338367,10.459001,0.55330586,27.455828,34.186264,504.7659,3.3108208,9.619581,5.4970155,6.422207,10.77277,2.1549714
218.0,29.950865,18.047327,4.1862917,0.2056042,0.41889337,4.8165636,10.297854,1.2969344,18.943,0.6687772,29.436768,35.474728,467.33624,3.906054,13.610588,7.008687,7.2087917,11.821247,2.506568
219.0,0.0,-0.0013455465,8.091583,0.34957272,0.15366209,0.67411995,8.67948,1.2147304,-0.003,0.5034546,0.0,0.0,614.2399,3.585074,0.28390104,-0.04517194,3.305932,6.8743477,1.6699432
220.0,25.125889,16.779251,18.357235,0.7278475,0.37674302,5.700865,10.781162,1.3202055,12.535501,0.6131759,28.805916,35.416298,498.498,3.6932142,12.254605,9.360174,6.7974873,12.6620865,2.1923654
221.0,26.854763,18.473988,2.0342317,0.16927476,0.334664,5.703679,11.0170765,1.3262842,14.950001,0.6770992,29.66229,36.30324,554.57605,3.5138223,15.893745,8.434044,6.5963783,13.57172,2.3046908
222.0,11.825922,5.7454777,5.5286474,0.23178318,0.18617643,0.5349227,9.095352,1.2351458,-0.003,0.64508986,19.16331,19.872322,533.4918,3.6712594,6.1465464,1.3441163,3.7782028,7.463626,1.7900152
223.0,27.280497,18.985514,15.074138,0.6004068,0.3997584,2.253572,10.806809,1.2693828,11.832001,0.63993275,24.07604,35.855274,341.80023,3.6134567,13.687344,8.0963745,6.7819705,11.722299,2.2272804
224.0,19.853817,19.91719,7.82777,0.2913868,0.3741135,0.8160411,10.523865,1.2655256,1.5140002,0.59333396,19.399498,22.109154,416.00906,3.522628,12.663097,6.4810915,4.8240786,8.792007,2.0912971
225.0,22.995697,15.387889,20.305939,0.85869306,0.4396214,0.9804621,10.052489,1.2716424,7.7240005,0.77139634,19.684448,33.413185,633.19666,4.0208077,10.301291,5.8230577,5.901698,9.281051,2.249595
226.0,0.0,-0.008134145,12.854203,0.52079284,-0.07522532,0.53593737,6.384679,1.1555692,-0.003,0.27638292,0.0,0.0,568.0421,2.5574405,0.24782291,-0.1332305,2.0883467,6.919056,1.7512685
227.0,12.205878,3.6521795,16.178192,0.66581786,0.16590692,0.72165143,7.840811,1.2106884,-0.003,0.5232676,20.27111,19.388397,513.505,3.5597563,4.550764,2.320861,3.2786021,7.016602,1.7382228
228.0,27.025665,18.73204,0.88319886,0.038194623,0.4695292,0.68836784,10.607746,1.262681,10.9505005,0.809995,23.655472,30.075163,318.0776,4.2343197,8.938255,5.8790474,6.8910265,9.955172,2.189804
229.0,10.419019,4.3682146,19.528763,0.81352013,0.091546625,0.6878621,8.898006,1.2308363,-0.003,0.58707803,19.178547,23.498001,522.775,3.8355436,5.1451635,2.1020901,5.1700387,7.7879796,2.0424225
230.0,19.675283,15.272533,14.611938,0.56295174,0.36291584,0.8035036,10.503602,1.2419796,6.4550004,0.7738911,21.247868,24.124254,544.9943,3.8980398,7.70854,3.9980571,4.844791,8.693581,2.1249678
231.0,8.297983,0.19453685,12.796406,0.57355016,-0.0674917,0.6187637,6.5882673,1.1850195,-0.003,0.10440916,20.19035,16.453396,532.68567,2.6754766,0.40886456,1.4535711,3.2718909,7.0432134,1.6859571
232.0,26.425978,16.546017,1.8772066,0.076264516,0.39749527,2.2519865,10.295325,1.2406809,12.608001,0.74752045,25.91679,31.983889,459.57083,3.8068109,10.221818,6.456484,6.624226,10.684475,2.2023983
233.0,17.502365,15.957576,5.7102146,0.2621252,0.20484814,2.476577,10.274882,1.0768963,10.193001,0.36617196,28.610868,32.35245,311.26086,2.01907,4.278662,7.1373177,6.5343494,13.591464,1.9338669
234.0,11.621448,12.748489,7.732018,0.29115406,0.09298979,0.60034764,9.210515,1.2261395,-0.003,0.28239796,21.769007,18.73068,521.9152,2.8681507,6.073161,8.740172,5.696768,8.742461,1.8597916
235.0,20.509964,16.222744,1.7212914,0.06394963,0.29350162,1.0281432,10.267681,1.1840569,7.9500003,0.4607595,20.645966,30.91716,322.47452,2.9495358,9.838331,8.713388,6.297388,11.795615,2.0135045
236.0,15.842157,4.7012086,20.58296,0.76368517,0.1451961,1.0045882,9.451509,1.3567272,-0.003,0.345658,23.536613,21.939856,322.4409,4.0394335,7.9756393,4.564512,4.0833325,8.266757,2.151265
237.0,37.771233,22.263039,0.0,0.0,0.40540233,8.236579,11.109734,1.4638113,20.436,0.9311843,30.651237,38.328827,506.85275,4.2242956,20.336296,6.2755756,7.269869,15.320246,2.715516
238.0,33.78704,19.890873,0.0,0.00020657838,0.33721069,8.223212,10.559666,1.4395314,19.334002,0.8763312,31.347612,38.141552,223.1825,3.521544,18.682598,2.738002,6.751757,15.18839,2.5098464
239.0,36.88467,26.341118,0.0,0.008451316,0.5085285,6.1998353,11.388036,1.4983561,20.254002,1.166324,30.587236,39.65924,322.22498,4.413253,22.645885,6.340751,7.1280513,15.251503,2.7467723
240.0,28.782007,20.844343,3.3018925,0.44918546,0.34853047,4.497051,10.988673,1.3155409,14.866001,0.7878507,29.781147,36.613373,465.78638,3.200227,16.30636,8.974467,7.185368,12.431442,2.4061146
241.0,42.71676,18.116913,26.317478,1.0812817,0.5062921,8.677998,9.8149185,1.5085592,24.765001,1.0591943,30.923996,41.774723,654.6425,3.987866,22.68721,2.686266,7.4230514,11.60725,2.8132484
242.0,32.396923,23.010849,14.845356,0.66323996,0.55536944,3.8162866,10.973551,1.3871686,16.412,0.9763762,28.885153,37.47934,470.91983,4.2471933,18.886944,5.7262344,7.299774,11.012899,2.5658092
243.0,29.055145,22.052862,14.2493515,0.600597,0.4979604,1.3210002,10.79148,1.3046634,13.473001,0.78402543,25.383461,35.04624,239.6355,3.7843654,15.576469,5.562626,6.9992275,10.597975,2.3462315
244.0,39.352093,22.144835,35.533836,1.3984846,0.56669784,5.0769033,10.772309,1.4970523,20.95,0.9539848,29.388006,38.869686,645.3922,4.2505007,17.167793,5.1028605,7.085184,10.880512,2.6802363
245.0,41.2183,23.124092,6.503715,0.25994754,0.5603548,5.418083,10.755405,1.5195765,24.916,1.0471175,29.884766,40.877293,46.612705,4.6213994,17.662771,4.146453,7.4370127,11.036021,2.8225281
246.0,22.597431,9.564835,0.0,0.0,0.35980737,1.882992,10.499375,1.2892203,16.5965,0.8280771,28.028776,31.062487,0.0,3.8509192,14.14419,4.786935,6.550241,11.066595,2.3094482
247.0,23.847164,22.959702,8.141681,0.2999605,0.2363796,0.9951333,10.709882,1.297507,2.953,0.48086545,22.37243,22.849274,562.006,3.8783052,13.705269,4.9141884,4.8789177,8.471811,2.269394
248.0,30.024109,21.170467,0.0,0.0,0.51129055,1.309244,11.334735,1.3376222,14.805,0.730057,27.772778,35.00429,160.19458,3.6478026,15.792843,4.5405545,6.952298,10.68596,2.3890512
249.0,33.767204,22.108189,17.463581,0.6968026,0.49094084,2.859561,10.405426,1.3921208,14.274,0.8289026,24.600227,32.108242,442.7973,3.9263763,15.235125,4.075688,6.2448835,9.817352,2.3931265
250.0,24.542984,22.2407,7.1722674,0.27414092,0.31478336,0.8805216,10.5023365,1.2990816,1.233,0.68688655,20.159874,21.9039,531.7838,3.6889746,13.91597,5.594388,5.431126,8.182841,2.248535
251.0,35.374004,23.100538,5.2877007,0.20440388,0.46966866,2.0879908,10.862771,1.3818243,12.748,0.80290043,23.192236,28.56796,525.912,3.8350286,16.041973,4.28051,6.848763,10.091678,2.4322798
252.0,0.0,0.079655126,1.1248567,0.04314613,-0.100637436,0.23564655,8.493883,1.2442775,-0.003,0.265724,0.0,0.0,8.751303,3.1166153,0.3317253,-0.15140718,2.4289026,5.8307776,1.9387658
253.0,28.920864,20.980669,12.982336,0.48351252,0.46648967,1.7227178,11.5112915,1.263055,14.2635,0.64047325,28.444775,33.846172,571.5315,3.3246336,14.348152,5.0505,7.277953,10.828763,2.4192116
254.0,31.104464,24.021933,8.587847,0.3265282,0.5175782,2.9956691,11.610498,1.3731718,12.943001,0.7781366,25.919838,27.884773,145.48018,4.4317627,13.903268,4.474711,6.548906,10.491023,2.5224879
255.0,26.471756,19.941467,0.0,0.0,0.48322916,2.8112063,10.862846,1.3370566,12.879001,0.7670199,26.469929,30.238468,0.0,4.1657934,12.531952,1.2365644,6.3864756,10.467062,2.3792896
256.0,23.798332,14.7829,0.0,0.0,0.34268242,1.7563403,10.673111,1.3255138,15.264001,0.82086945,26.520214,29.928339,0.0,4.0537777,13.869097,0.5690775,7.0267773,10.53458,2.340503
257.0,21.950438,11.5617895,0.0,0.0,0.06783915,0.07287189,9.680792,1.3728292,11.0385,0.5991965,22.710714,21.849964,0.0,3.9045517,11.709741,2.1750808,4.97647,9.298199,2.242735
258.0,35.792107,28.382215,27.524302,1.128175,0.5344544,3.954107,11.469667,1.3683629,18.119001,0.82940453,28.598679,31.935947,595.43835,4.353534,15.699215,4.762601,7.345855,11.409783,2.57214
259.0,25.400555,18.577896,25.034477,0.9636711,0.39634705,3.112663,11.209633,1.149234,17.858501,0.5714991,31.725515,34.120342,517.3237,2.455862,11.4668865,3.1580975,7.432679,11.590782,2.237184
260.0,19.727163,13.554776,26.038767,1.0154305,0.32065356,2.3195238,10.99891,1.1141615,15.788001,0.49959368,31.987608,33.784744,571.80145,2.0576868,11.096027,1.506531,7.3350854,11.780133,2.1771426
261.0,25.464643,21.661484,26.245487,0.99135184,0.4918482,2.664734,11.129371,1.3307595,13.325001,0.6725199,28.120205,34.455944,523.0299,3.599648,12.247027,3.1677885,6.946237,10.84003,2.450134
262.0,24.982452,18.994947,7.7813716,0.3077928,0.41633385,1.8994733,10.916618,1.3774195,11.695001,0.750772,25.621172,29.994259,109.254486,4.255705,13.8715725,1.9380729,6.5595,10.235288,2.3891256
263.0,24.813074,19.72623,21.291431,0.8502549,0.14972094,1.8051558,9.948464,1.3367238,4.8815002,0.48810607,23.53814,22.835789,668.0592,4.0577517,11.852945,4.0011616,4.9923344,8.011325,2.3143563
264.0,31.51036,23.953081,14.151967,0.5606285,0.39962935,2.4909685,11.181333,1.4053528,10.477,0.7621718,24.161373,26.455477,582.0549,4.176745,15.898677,6.108858,6.3538866,9.804078,2.4732308
265.0,28.64162,25.49636,29.59642,1.1422609,0.075842395,3.5392976,9.737303,1.3855426,6.0245004,0.5223309,22.639095,22.022259,415.25653,3.965765,11.975954,4.953514,3.3483639,7.8722906,2.316815
266.0,33.341473,24.349785,16.998459,0.6750403,0.46037257,3.1258583,11.054762,1.4026656,15.095001,0.79704857,24.900415,29.170242,636.64154,3.9029899,16.57045,5.3091187,6.8850584,10.549074,2.4522853
267.0,24.925991,19.405457,24.98184,0.9788289,-0.11940878,2.0152159,7.265385,1.2110894,-0.003,0.17303838,20.737394,16.4489,639.4913,2.6171756,6.2023125,3.612332,2.614533,6.3910046,2.0810075
269.0,27.6986,12.467148,0.0,0.0,-0.11418205,2.027955,8.772764,1.301176,9.769,0.3987652,21.449009,17.508137,0.0,3.602891,10.04547,3.403335,2.703909,7.88413,2.2879097
271.0,28.412733,7.7217884,0.0,0.0,0.32277656,0.62105167,10.304098,1.3538061,15.5130005,0.8238236,26.349548,30.150074,0.0,3.6052516,15.247045,2.43074,6.5804777,10.306769,2.2429204
274.0,33.97168,9.523143,18.633047,0.91484404,0.32331687,5.7693415,9.890125,1.3343282,15.893001,0.98838204,30.110287,32.057304,138.1852,3.7442718,14.39764,0.32072082,6.9143453,11.129383,2.3405347
275.0,24.756615,18.507942,0.0,0.0,0.42485422,0.2594073,10.440457,1.1757857,13.819,0.72208005,28.284775,32.376423,165.27527,3.7042232,8.377198,5.4211683,6.9663672,9.986405,2.1640646
276.0,27.045502,17.258883,0.0,0.0,0.3686691,1.2848294,10.978341,1.1754802,13.859,0.5604714,28.674868,33.290333,89.68509,2.698879,13.311567,6.0561414,7.1985927,11.473915,2.2138472
277.0,19.711906,18.584442,0.6054243,0.02135929,0.39544314,0.7252989,10.725503,1.2609572,0.638,0.54584706,21.737007,24.368464,449.32245,3.4559443,12.216301,5.669622,5.6786337,8.860817,2.1509793
278.0,23.136084,22.765562,8.352229,0.30425927,0.28950855,0.80035734,10.573106,1.273794,1.3980001,0.5874335,20.30311,22.09867,415.43158,3.7009501,14.129037,5.771938,5.881856,8.727799,2.1921675
279.0,32.51442,17.627403,14.935283,0.7304674,0.49680606,3.8982863,10.356198,1.4036607,13.206,0.9058395,27.623446,31.004057,351.8569,4.2873445,13.644617,6.4408,7.106874,12.382855,2.5876467
280.0,29.758598,17.08853,25.023136,1.1345485,0.45629382,3.6862462,10.463855,1.4009271,11.161,0.9391955,28.193346,31.678253,701.2376,4.1837397,11.637913,6.0992246,6.712363,11.824845,2.6200762
281.0,30.37202,13.659378,16.469255,0.751836,0.44264558,5.4180255,10.429629,1.2521741,19.795,0.95552516,32.389893,34.791546,640.6218,3.9584217,13.030826,8.164121,7.524413,12.5695915,2.6571445
282.0,15.195167,0.23644757,16.652077,0.8371783,0.33351478,5.7354035,10.242208,1.1110761,9.867001,0.62608564,33.362076,32.442345,537.178,2.196036,8.377145,9.934119,6.658548,11.680454,2.0236304
283.0,32.395397,13.27399,3.4766033,0.42396727,0.43790454,8.484847,10.621358,1.2323861,19.705002,1.3296833,35.45273,33.58698,413.46716,3.6096966,11.368413,10.10084,7.355686,14.426916,2.311082
284.0,25.01297,16.145916,5.5692782,0.20998694,0.39574292,3.7433436,10.623902,1.1291614,16.944,0.82849276,31.65542,32.250572,287.15402,3.5696325,10.548927,6.502977,7.549923,11.825986,2.3704436
285.0,28.461563,13.382641,12.478715,0.4726588,0.43098968,3.7025347,10.143348,1.1896062,18.431002,0.8057705,31.353708,34.195255,748.16656,3.4208376,12.55836,7.8834925,7.467063,11.861202,2.466789
286.0,57.338173,15.855539,9.769083,0.54303396,0.5682089,12.514269,10.123418,1.5509317,23.986502,1.6844423,36.877483,36.577415,436.26215,5.01641,18.448214,9.602125,7.5882254,13.265587,2.6567233
287.0,45.872368,10.081972,17.321783,0.88253,0.44045946,6.3761616,8.772326,1.4132031,15.702001,1.3936002,29.491625,31.114925,465.55167,4.133696,12.585997,5.707618,6.593328,11.183795,2.2747853
288.0,40.73916,21.819347,28.565025,1.2611225,0.5450314,5.2837057,11.192909,1.4520326,19.131,1.079514,34.437878,36.379654,537.0936,4.5421877,16.723866,6.051528,7.577853,11.808603,2.6476393
289.0,48.60683,23.89185,12.584097,0.6151236,0.6561883,9.428315,10.976714,1.5460671,24.669,1.6702592,37.564716,40.04728,254.51007,5.116836,21.025503,7.343729,7.994787,13.639412,2.890749
291.0,32.609028,19.042816,26.371178,0.97465426,0.48989546,6.469924,11.126487,1.2916842,16.947,1.0871322,35.36435,37.94978,349.8438,3.6298249,15.540489,7.915271,7.5854435,11.563286,2.4997997
292.0,51.09409,18.017227,20.81521,1.0765389,0.5129523,10.540734,10.145532,1.4955201,22.276001,1.5366237,34.154453,35.151115,573.34143,4.407186,20.204533,5.5392513,7.522175,12.339099,2.5847297
293.0,44.900356,19.971237,18.510717,0.9352846,0.58039486,5.726093,10.737776,1.4871671,18.3895,1.1669449,32.55751,35.86576,544.9496,4.7018614,15.647131,7.824993,7.018016,12.070953,2.6542475
294.0,21.053192,2.8617084,21.35377,2.238494,0.4622686,5.36194,10.915872,1.2643201,12.223001,1.274867,38.45157,39.188805,764.89886,2.7232313,14.821567,4.652241,7.4353046,13.572765,2.202983
295.0,24.010437,1.5692251,41.732018,2.223939,0.42278436,5.243655,10.036961,1.2918437,10.6635,0.7891817,34.571976,35.06572,678.90643,2.9717603,11.345428,6.482334,6.9976397,11.753098,2.2332368
296.0,33.43913,21.088247,31.950727,1.5235385,0.48223737,3.6191716,11.002286,1.3705254,15.5130005,1.0521765,26.392216,31.114925,630.9392,4.41808,13.682117,6.4491982,7.062159,10.885888,2.4541185
297.0,30.59328,18.955566,0.0,0.0,0.4089611,1.5243995,10.665178,1.1888063,16.994501,0.8213732,28.62763,33.088074,108.81845,3.7006674,11.404465,5.186309,7.150387,10.354991,2.2772958
299.0,26.120792,2.4366813,0.0,0.0,0.09077461,3.9707189,10.164057,1.1896555,6.6030006,0.8571337,34.203213,31.239277,12.960276,1.5649952,3.959567,1.8379552,6.015814,12.157232,1.6196108
301.0,17.944883,0.76569057,9.69363,0.41914108,0.18987916,0.8587809,8.681863,1.107214,10.129001,0.32753825,28.629154,23.264278,413.8849,2.215954,4.271389,2.2769463,6.355394,8.385196,1.7904372
303.0,32.82418,7.88523,0.0,0.0,0.29238373,2.1935177,8.31524,1.3688478,10.698501,1.4322119,26.314503,32.35994,0.0,3.6408997,11.455292,2.9854689,5.746414,8.576622,2.1325598
304.0,39.83276,25.813774,18.217163,0.799023,0.57202184,5.7675004,10.71463,1.4267892,18.678001,1.234369,28.513346,30.587553,260.75055,5.03311,10.7371235,7.5303063,7.341605,12.385289,2.6389074
305.0,31.011383,12.97378,28.507748,1.2785928,0.43444532,3.8104818,9.59852,1.367434,13.2545,1.3740366,26.678688,31.368122,477.98724,4.319006,10.13287,5.852356,6.6641893,11.579102,2.4374194
306.0,38.69442,0.44767934,0.0,0.0,0.16310365,5.067599,9.43366,1.2061448,14.283001,0.8110275,31.813896,34.86346,135.93169,1.9166899,6.5417676,3.626277,5.1847434,10.2089405,1.9473547
307.0,47.37693,2.9647617,0.0507216,0.0,0.4761312,3.375266,9.660174,1.384017,14.501501,1.3466522,31.789515,31.309692,176.00548,3.8667665,9.093832,6.7990837,6.8111043,10.268597,2.371376
308.0,50.01068,11.847538,29.965271,1.3622531,0.56549394,6.6775227,9.838112,1.4336753,19.949001,1.7254119,30.597904,37.611183,503.5605,4.186431,15.571005,7.054761,7.216426,11.705208,2.4735646
309.0,31.308939,9.571363,12.225889,0.5502885,0.38991332,2.8426201,10.088889,1.152323,19.343,1.0682192,32.371605,35.471733,538.0808,2.9045107,11.200253,6.304593,7.098037,10.927644,2.2952774
310.0,46.241646,22.845379,24.23256,1.0927569,0.5805222,5.023059,11.096167,1.4116025,21.6245,1.7320914,30.092003,36.412613,585.573,5.152218,15.608966,8.449226,7.8182077,11.603644,2.7325888
312.0,26.98294,4.2366104,0.0,0.0,0.1382603,0.0,7.698037,1.3805404,11.817501,1.3196359,27.082497,34.899414,0.0,4.004273,10.480738,2.889688,5.825205,8.754972,2.315752
313.0,34.266182,14.143658,0.0,0.0,0.5106028,0.77001333,10.255588,1.3554331,13.963,1.560894,26.355644,33.134518,0.0,4.4613523,12.835314,5.7339373,6.7865524,9.962755,2.466079
316.0,45.728935,11.109089,0.0,0.0,0.43554515,1.6357921,9.830732,1.3771228,17.008001,1.609479,30.558285,37.092804,0.0,4.4541783,14.281433,6.437676,6.9490724,9.961952,2.3390958
317.0,31.60802,12.75065,3.0204546,0.16405636,0.43226135,1.1012839,9.453791,1.3571028,12.063001,1.4150112,26.084408,30.211502,102.76307,4.431751,13.073308,6.7163095,6.7264566,9.818952,2.5265098
318.0,39.82971,15.169194,0.15074863,0.00828199,0.54120404,2.8336437,10.293407,1.3249515,16.654001,1.3330283,29.47334,35.69347,226.19699,4.420903,11.309172,8.021942,7.343049,10.139787,2.4791582
319.0,34.74227,19.801214,9.286058,0.42722005,0.4959612,3.1459663,10.470188,1.2767982,18.580002,1.106628,30.168192,34.479916,581.337,3.9909203,12.914772,6.7621408,7.430241,11.21516,2.5810046
320.0,35.197,15.071518,27.295681,1.1802874,0.49452206,3.0510106,10.142126,1.3081132,14.683001,1.146656,27.702682,32.322487,649.006,4.423702,12.628864,6.4155774,6.9288387,10.52367,2.5632071
321.0,31.231117,13.676387,34.754265,1.4799216,0.4964362,2.0189698,10.737087,1.2592754,15.972001,1.0580511,29.843622,33.480606,602.8581,4.115863,11.894138,5.905259,7.5533,10.335415,2.517097
322.0,15.787225,7.4206314,12.261854,0.4016238,0.33514038,2.0253942,9.913354,1.1680433,8.759001,0.6184983,28.476774,29.69162,655.3027,3.5197973,5.2833934,5.2533765,6.639396,9.260627,2.173933
323.0,15.634633,0.5026915,35.761177,1.5072863,0.053404007,1.4555863,7.52375,1.3264562,4.6730003,0.60308284,24.204039,23.689774,748.3369,4.1591496,8.071525,4.188431,4.9136534,10.022747,2.5254748
324.0,31.864376,20.361046,0.35994685,0.017068673,0.5318686,1.3245033,10.932385,1.3078808,15.931001,0.97583425,25.477936,31.141891,305.13718,4.5043006,11.731949,5.200295,7.180036,10.158605,2.380661
325.0,28.241829,20.584421,12.903931,0.5276027,0.5153785,1.1301223,11.064348,1.3141208,13.3675,0.9479409,23.640232,30.439228,403.4128,4.33541,9.742765,6.158796,7.2504654,9.924793,2.3851652
326.0,30.35371,22.207886,4.6514044,0.1864204,0.5291333,1.655149,11.089432,1.2972462,11.4175005,0.9441938,26.960594,34.536842,499.74167,4.251317,8.117288,6.2307944,7.3544455,10.089658,2.4212735
327.0,27.81457,20.878336,27.791685,1.1300517,0.42444208,2.7996552,10.5781355,1.4151666,10.792001,0.9447277,25.551077,28.615902,680.06,4.354094,13.035625,7.2324333,5.8543735,11.228043,2.5956786
328.0,15.585803,0.46719933,26.408848,1.1130826,-0.10182643,1.2301216,5.441261,1.2469287,0.128,0.1414828,23.02157,21.520357,649.50055,2.802066,9.213976,4.2854023,3.8704696,8.342223,2.1792953
329.0,13.602099,0.416382,20.440424,0.90305996,0.07415812,0.84323,7.255212,1.2881247,0.7465,0.5378167,21.624245,20.4791,568.5143,3.5567002,6.9501615,3.9140086,3.2884107,7.909724,2.0990431
330.0,25.949888,10.543018,30.346691,1.3200674,0.3659713,1.8891115,9.827082,1.345907,11.754501,0.9304615,25.194508,27.453287,690.0874,4.176932,12.530331,6.3005123,7.0177794,10.15596,2.587263
331.0,7.8920865,0.36442512,22.434376,1.0209814,-0.10527169,0.7825398,6.222859,1.3320338,-0.003,0.329092,21.595293,20.055103,718.90607,3.4277277,3.4442794,2.2711205,2.7244914,9.007385,2.2587845
332.0,0.0,0.17046124,10.133812,0.41454357,-0.06568223,0.508677,6.9269404,1.1962222,-0.003,0.32811272,0.0,0.0,671.36957,3.0574439,0.23155838,-0.08707288,2.4350798,7.645821,1.8215557
333.0,31.22654,13.330088,1.9593482,0.11607277,0.40428376,6.496023,9.926779,1.2646704,18.962002,0.8568004,29.00858,32.860344,543.80664,3.315681,5.725379,5.971135,7.2630663,9.942527,2.260913
334.0,20.490128,7.709109,5.2577953,0.2924028,0.43741053,0.44890743,10.095868,1.2290245,17.875,1.0191884,29.711052,30.53062,603.63153,3.830824,6.4742885,6.008181,6.7869363,9.90417,2.3282244
335.0,58.84579,3.230682,0.05565305,0.0,0.47823516,4.381695,9.67086,1.4147274,15.005001,1.3058996,33.025314,34.220726,19.097605,3.5911746,7.7714443,5.4085503,6.0961714,11.98484,2.4012759
336.0,31.504257,19.271454,1.019112,0.03752085,0.51982474,2.8627486,10.213034,1.2721407,11.831,1.1086161,26.608595,31.705221,32.80857,4.5700765,8.111364,8.032319,7.2949095,10.507162,2.459457
337.0,31.502731,15.337221,27.927137,1.1469536,0.48546967,3.4821262,10.075663,1.2480175,15.665501,1.0733745,28.729725,34.511375,459.90768,4.0394983,8.800226,6.534935,6.96703,10.370645,2.4103246
338.0,28.460033,20.809126,15.874368,0.594355,0.38529348,1.347268,10.225809,1.2375647,11.4065,0.7933343,26.344978,32.11873,681.18567,4.1536465,6.345929,3.7867124,7.1256523,9.815453,2.3910303
339.0,34.684284,16.761549,37.35088,1.4810481,0.46798745,1.6977578,10.08855,1.2997634,13.2300005,0.98651814,26.242884,30.755354,621.996,4.511576,9.870648,5.009779,7.4506536,10.46115,2.550227
340.0,19.350262,3.118147,8.7495,0.39724892,0.32164538,0.53279984,9.42742,1.2085941,11.203501,0.7562862,29.368196,26.42701,555.4231,3.0250587,5.2218866,2.5383105,7.3395967,9.705149,1.8583307
341.0,14.355907,5.9922338,17.04261,0.7329067,0.32096368,2.0670476,9.811548,1.167332,8.472,0.4578314,30.413525,35.78186,713.09485,2.6750827,7.1619534,4.614253,6.098463,10.113655,2.026855
342.0,35.02304,20.372166,16.507717,0.60303104,0.5790015,6.1073055,11.053923,1.4144051,20.529001,0.8818616,29.241722,36.629852,589.3474,4.6442204,15.386712,9.529573,7.8106127,11.570825,2.6661801
343.0,39.213234,10.864723,0.054650098,4.9557897e-05,0.4339339,4.2288394,10.305533,1.3803849,19.688002,1.2696853,30.113335,35.315918,414.45117,3.5073247,10.265221,7.124268,7.1819453,10.246028,2.3445027
344.0,43.733025,12.412783,0.0,0.0,0.4313524,9.228797,9.460273,1.4738523,24.458002,1.5501621,40.066795,41.833153,0.0,4.2388773,17.915411,2.7655663,7.279617,11.862297,2.4930997
345.0,50.318916,20.008665,0.0,0.0,0.49443796,7.1337013,9.996585,1.5475634,27.138,1.1572859,32.08818,42.795006,0.0,4.5109453,20.416763,4.9225197,7.533969,11.436898,2.8201673
347.0,46.359142,13.96427,2.5676098,0.22043917,0.55848235,12.525181,10.227892,1.4547817,25.175503,1.9161909,38.160522,37.20517,399.20282,4.7901793,17.226622,9.397358,7.6193695,15.039874,2.4924364
348.0,27.317118,6.185033,41.205406,2.3512657,0.4518649,8.568325,10.619728,1.2108616,17.808,1.0829698,35.18149,34.387024,765.4053,3.4449747,14.464468,9.121362,7.8729687,14.023553,2.5274045
349.0,23.1666,11.233992,16.579016,0.58975375,0.43276393,2.068511,10.65378,1.2082171,7.5930004,0.63110566,33.16703,36.954967,724.02747,2.6749938,9.241664,4.7216096,6.7221894,10.109098,2.1888762
350.0,35.6151,26.516495,5.3736386,0.20014253,0.36815208,4.2078576,11.006151,1.4176096,16.9475,0.8437517,23.634136,23.622353,50.638184,3.897874,15.974817,5.3895483,5.2674675,10.524197,2.4202785
351.0,21.962646,13.365251,0.0,0.0,0.17409214,0.044606693,10.292883,1.3989055,9.336,0.742558,23.929754,25.910126,0.0,4.143466,12.814764,1.3287585,5.107834,9.100232,2.3897946
353.0,39.799187,19.181883,8.683317,0.4688099,0.51541054,8.596433,10.21372,1.3925201,21.119001,1.1769673,32.603226,31.096947,331.24594,4.572507,9.253713,7.1029463,7.8302827,13.297107,2.500918
354.0,36.170536,24.40516,16.510427,0.70776045,0.5344927,7.0373063,10.78253,1.2949061,20.662,1.0219424,31.277517,31.888004,334.5766,4.573275,8.105698,8.63337,8.09523,12.596138,2.6131284
355.0,14.04767,1.265068,31.991661,1.3345251,0.11817032,1.1607273,7.236486,1.27654,-0.003,0.7747005,24.812035,26.3536,291.24658,3.8307781,5.398802,2.21771,3.8175387,8.828511,2.2752419
356.0,48.43898,14.230977,5.162487,0.23008478,0.54487175,5.137956,9.972443,1.3888248,22.835001,1.5760171,29.701908,37.527283,45.714607,4.3230233,15.857231,5.934101,7.6406574,11.06324,2.5616992
357.0,30.027163,10.02592,0.0,0.0,0.38665837,0.18768883,9.408488,1.3543392,12.22,1.351884,27.172401,33.994495,0.0,4.1665573,11.964907,4.32273,6.221014,9.349631,2.3874505
358.0,50.59816,6.0609283,17.413418,0.8215666,0.41287094,8.778486,9.1856365,1.4321339,19.976501,1.5409517,33.418457,35.861267,563.58386,3.7449799,15.099236,5.3339653,6.871043,11.091404,2.232408
359.0,28.757591,22.06506,4.7800727,0.25898662,0.44862688,3.9391322,11.064581,1.3613259,17.03,0.8567147,31.012377,38.31834,423.38577,3.4906828,18.787083,6.626422,7.540898,12.3806715,2.5855966
360.0,39.297157,24.981968,7.315553,0.31792653,0.56633043,7.291128,11.056973,1.5527403,21.191002,1.2376496,30.280952,39.848015,293.61096,4.554856,23.215126,4.0635586,7.1326,13.609455,2.8498912
